subject,stimulus,response,reactionTime
AL_23_1_1_0,"211,plop,171",2,3865738968271760
AL_23_1_1_0,"166,plop,206",1,4384164329059420
AL_23_1_1_0,"181,plop,191",2,3754783741105350
AL_23_1_1_0,"191,plop,171",2,3.92440090505406E+016
AL_23_1_1_0,"181,plop,166",2,3.71225311877206E+016
AL_23_1_1_0,"201,plop,221",1,4270721060130750
AL_23_1_1_0,"191,plop,206",1,4323143198993060
AL_23_1_1_0,"176,plop,211",1,4039848714973780
AL_23_1_1_0,"171,plop,186",1,3637115768995140
AL_23_1_1_0,"201,plop,191",2,4358569499943410
AL_23_1_1_0,"221,plop,166",2,3.73531379587948E+016
AL_23_1_1_0,"191,plop,166",2,3.9204562459141E+016
AL_23_1_1_0,"196,plop,161",2,3.85884649576619E+016
AL_23_1_1_0,"211,plop,186",2,3.65920445686206E+016
AL_23_1_1_0,"201,plop,171",2,3.84386541824788E+016
AL_23_1_1_0,"171,plop,166",2,4.19100950695574E+016
AL_23_1_1_0,"206,plop,161",2,3619586834125220
AL_23_1_1_0,"211,plop,216",1,4.15621550185606E+016
AL_23_1_1_0,"201,plop,211",1,3.7261781360954E+016
AL_23_1_1_0,"181,plop,201",1,4499224273394790
AL_23_1_1_0,"181,plop,211",1,4032941277045760
AL_23_1_1_0,"206,plop,196",1,3833443472068760
AL_23_1_1_0,"216,plop,221",1,442166943186894
AL_23_1_1_0,"221,plop,186",2,3.47503590108827E+016
AL_23_1_1_0,"221,plop,211",2,4413671478070320
AL_23_1_1_0,"216,plop,201",2,4088522775936870
AL_23_1_1_0,"196,plop,221",1,4058041212055830
AL_23_1_1_0,"166,plop,161",2,3696876844763760
AL_23_1_1_0,"161,plop,211",1,3.82329963184893E+016
AL_23_1_1_0,"196,plop,176",2,3902359798923130
AL_23_1_1_0,"201,plop,186",2,39604173399508
AL_23_1_1_0,"161,plop,171",2,455817139185965
AL_23_1_1_0,"201,plop,166",2,3.5789759288542E+016
AL_23_1_1_0,"176,plop,201",2,3901156433299180
AL_23_1_1_0,"171,plop,216",2,4329971437714990
AL_23_1_1_0,"211,plop,166",2,3715136721171440
AL_23_1_1_0,"166,plop,216",1,3.8461460577324E+016
AL_23_1_1_0,"221,plop,191",2,3.8185486680828E+016
AL_23_1_1_0,"206,plop,181",2,4160164622031150
AL_23_1_1_0,"221,plop,206",2,3.89858551500365E+016
AL_23_1_1_0,"216,plop,176",2,3913069245312360
AL_23_1_1_0,"186,plop,196",1,4.51032326733693E+016
AL_23_1_1_0,"211,plop,191",2,4153894511889670
AL_23_1_1_0,"176,plop,221",1,3733786688093100
AL_23_1_1_0,"186,plop,181",1,409054788891226
AL_23_1_1_0,"171,plop,176",1,3.57424501366913E+016
AL_23_1_1_0,"191,plop,216",1,3.66000506225973E+016
AL_23_1_1_0,"161,plop,201",1,3.98006707280874E+016
AL_23_1_1_0,"196,plop,181",2,4220976428966970
AL_23_1_1_0,"206,plop,176",2,3.78026165990159E+016
AL_23_1_1_0,"206,plop,201",2,4195821260940280
AL_23_1_1_0,"216,plop,196",2,3875189929176120
AL_23_1_1_0,"176,plop,161",2,3921106336079540
AL_23_1_1_0,"186,plop,216",1,4374991164915260
AL_23_1_1_0,"216,plop,181",2,374409815100953
AL_23_1_1_0,"166,plop,186",1,3.83855828307569E+016
AL_23_1_1_0,"186,plop,176",2,3800106475967910
AL_23_1_1_0,"196,plop,211",1,4.20596917383373E+016
AL_23_1_1_0,"176,plop,181",1,3733350310381500
AL_23_1_1_0,"186,plop,206",1,3.54483226211742E+016
AL_23_1_1_0,"176,plop,191",2,4627335359714930
AL_23_1_1_0,"161,plop,221",1,3.8713831779547E+016
AL_23_1_1_0,"221,plop,171",2,3.98663696590811E+016
AL_23_1_1_0,"161,plop,181",1,3.96312222993001E+016
AL_23_1_1_0,"171,plop,206",1,3680305341165510
AL_23_1_1_0,"211,plop,206",1,3.85925975898281E+016
AL_23_1_1_0,"166,plop,196",1,3.96936653591692E+016
AL_23_1_1_0,"166,plop,176",2,534282158864662
AL_23_1_1_0,"206,plop,216",1,3622822412196550
AL_23_1_1_0,"161,plop,191",1,3940665729250760
AL_23_1_1_0,"181,plop,171",2,3.87714763814583E+016
AL_23_1_1_0,"171,plop,196",1,5089422671962530
AL_23_1_1_0,"196,plop,201",1,4280042855907230
AL_23_1_1_0,"216,plop,161",2,3.65601343605667E+016
AL_23_1_1_0,"191,plop,186",2,3.90303214816377E+016
AL_23_1_1_0,"191,plop,196",1,3.76280559403822E+016
AL_23_1_1_0,"186,plop,161",2,3939256309904160
AL_23_1_1_0,"181,plop,221",1,4295610067341480
Agatha_Christie_62_1_0_1,"221,plop,166",2,1.13601312999614E+016
Agatha_Christie_62_1_0_1,"221,plop,171",2,5790650300006380
Agatha_Christie_62_1_0_1,"161,plop,191",1,6667353699996600
Agatha_Christie_62_1_0_1,"206,plop,216",1,9.21037120001856E+015
Agatha_Christie_62_1_0_1,"196,plop,221",2,5651848599978260
Agatha_Christie_62_1_0_1,"211,plop,186",2,1.98741499998141E+016
Agatha_Christie_62_1_0_1,"186,plop,206",1,6919788700027860
Agatha_Christie_62_1_0_1,"166,plop,196",1,4635475099983160
Agatha_Christie_62_1_0_1,"161,plop,181",1,480222500001546
Agatha_Christie_62_1_0_1,"176,plop,221",1,4518719100009180
Agatha_Christie_62_1_0_1,"221,plop,206",1,564583029996138
Agatha_Christie_62_1_0_1,"166,plop,216",1,4251072199980260
Agatha_Christie_62_1_0_1,"176,plop,181",1,5847521099983710
Agatha_Christie_62_1_0_1,"181,plop,201",1,4.34631620000582E+016
Agatha_Christie_62_1_0_1,"191,plop,196",2,6444800200022290
Agatha_Christie_62_1_0_1,"196,plop,211",2,3.83075809999136E+016
Agatha_Christie_62_1_0_1,"216,plop,196",2,6595499799959360
Agatha_Christie_62_1_0_1,"166,plop,176",2,6044825800019320
Agatha_Christie_62_1_0_1,"171,plop,166",2,6.18494549995521E+016
Agatha_Christie_62_1_0_1,"201,plop,171",2,3.10813899990171E+016
Agatha_Christie_62_1_0_1,"186,plop,196",2,1.70346030001529E+016
Agatha_Christie_62_1_0_1,"201,plop,221",1,5934660199994690
Agatha_Christie_62_1_0_1,"176,plop,191",1,5183844300010240
Agatha_Christie_62_1_0_1,"206,plop,176",2,5327803000016140
Agatha_Christie_62_1_0_1,"221,plop,211",1,5.67341399998404E+016
Agatha_Christie_62_1_0_1,"206,plop,161",2,4939309600007250
Agatha_Christie_62_1_0_1,"196,plop,161",2,6044798800046560
Agatha_Christie_62_1_0_1,"171,plop,196",1,5777495700016150
Agatha_Christie_62_1_0_1,"221,plop,191",2,5569730499957220
Agatha_Christie_62_1_0_1,"176,plop,211",1,5539713300031140
Agatha_Christie_62_1_0_1,"196,plop,176",2,6021568399993700
Agatha_Christie_62_1_0_1,"196,plop,201",1,560616250000894
Agatha_Christie_62_1_0_1,"191,plop,171",2,5524904800020160
Agatha_Christie_62_1_0_1,"216,plop,221",1,6260234399954790
Agatha_Christie_62_1_0_1,"181,plop,191",2,4873046099988280
Agatha_Christie_62_1_0_1,"206,plop,196",2,497514480005484
Agatha_Christie_62_1_0_1,"196,plop,181",2,4850872700009490
Agatha_Christie_62_1_0_1,"171,plop,176",1,5398202300036790
Agatha_Christie_62_1_0_1,"161,plop,221",1,5367257599974980
Agatha_Christie_62_1_0_1,"166,plop,186",1,5887004699988760
Agatha_Christie_62_1_0_1,"191,plop,166",2,5293826700036880
Agatha_Christie_62_1_0_1,"206,plop,181",2,5068966500018720
Agatha_Christie_62_1_0_1,"181,plop,166",2,5369271900004240
Agatha_Christie_62_1_0_1,"201,plop,166",2,4668873800046280
Agatha_Christie_62_1_0_1,"176,plop,161",2,4794167000008750
Agatha_Christie_62_1_0_1,"216,plop,201",2,4490223100024740
Agatha_Christie_62_1_0_1,"176,plop,201",1,6351963199989400
Agatha_Christie_62_1_0_1,"166,plop,206",1,4705417799961290
Agatha_Christie_62_1_0_1,"186,plop,216",1,4451910599973050
Agatha_Christie_62_1_0_1,"206,plop,201",2,5623411700036380
Agatha_Christie_62_1_0_1,"221,plop,186",2,511158230000874
Agatha_Christie_62_1_0_1,"201,plop,186",2,4769849400001110
Agatha_Christie_62_1_0_1,"186,plop,181",2,5305293599981810
Agatha_Christie_62_1_0_1,"171,plop,216",1,5090091399988160
Agatha_Christie_62_1_0_1,"171,plop,186",1,5538749799970540
Agatha_Christie_62_1_0_1,"201,plop,211",1,5366474200005180
Agatha_Christie_62_1_0_1,"216,plop,161",2,530346759998938
Agatha_Christie_62_1_0_1,"201,plop,191",2,6129549800034150
Agatha_Christie_62_1_0_1,"191,plop,216",1,5389832899987230
Agatha_Christie_62_1_0_1,"186,plop,176",2,5440415799990300
Agatha_Christie_62_1_0_1,"211,plop,171",2,4515268499986270
Agatha_Christie_62_1_0_1,"191,plop,186",2,4781103900016750
Agatha_Christie_62_1_0_1,"216,plop,181",2,4749983400013300
Agatha_Christie_62_1_0_1,"161,plop,171",1,4983642200031320
Agatha_Christie_62_1_0_1,"181,plop,171",1,8604214000166390
Agatha_Christie_62_1_0_1,"166,plop,161",2,5551088299974800
Agatha_Christie_62_1_0_1,"181,plop,221",1,7077438100031580
Agatha_Christie_62_1_0_1,"211,plop,206",2,5.77401310004061E+016
Agatha_Christie_62_1_0_1,"211,plop,166",2,4562840899999720
Agatha_Christie_62_1_0_1,"181,plop,211",1,5128178200009280
Agatha_Christie_62_1_0_1,"161,plop,211",1,5512907299993090
Agatha_Christie_62_1_0_1,"191,plop,206",1,5328477599972390
Agatha_Christie_62_1_0_1,"211,plop,191",2,5460753700020720
Agatha_Christie_62_1_0_1,"161,plop,201",1,4665989100025040
Agatha_Christie_62_1_0_1,"171,plop,206",1,5038427200017030
Agatha_Christie_62_1_0_1,"186,plop,161",2,6207924699957950
Agatha_Christie_62_1_0_1,"211,plop,216",2,5357739000022410
Agatha_Christie_62_1_0_1,"216,plop,176",2,5217727999982890
BASSMANN_62_0_0_0,"221,plop,166",2,4.69796908905264E+016
BASSMANN_62_0_0_0,"176,plop,161",2,6677198086888530
BASSMANN_62_0_0_0,"211,plop,186",2,3582251058332620
BASSMANN_62_0_0_0,"161,plop,211",1,4987222890974950
BASSMANN_62_0_0_0,"221,plop,191",2,4360431885719300
BASSMANN_62_0_0_0,"211,plop,216",1,5099020993011070
BASSMANN_62_0_0_0,"221,plop,171",2,3.82539593966212E+016
BASSMANN_62_0_0_0,"196,plop,181",2,3.56299502183683E+016
BASSMANN_62_0_0_0,"166,plop,206",1,4588587969448420
BASSMANN_62_0_0_0,"166,plop,161",1,4772220113221560
BASSMANN_62_0_0_0,"206,plop,181",1,3475520883128050
BASSMANN_62_0_0_0,"186,plop,161",2,3297776938439350
BASSMANN_62_0_0_0,"166,plop,186",1,4105517905694430
BASSMANN_62_0_0_0,"221,plop,211",1,7732690945989450
BASSMANN_62_0_0_0,"186,plop,206",1,3.44853303956334E+016
BASSMANN_62_0_0_0,"161,plop,181",1,5563700947817410
BASSMANN_62_0_0_0,"201,plop,221",1,4321328938147050
BASSMANN_62_0_0_0,"181,plop,221",1,3.3404589895159E+016
BASSMANN_62_0_0_0,"186,plop,176",2,4499295024224560
BASSMANN_62_0_0_0,"171,plop,216",1,4072732932656070
BASSMANN_62_0_0_0,"206,plop,176",2,4633303891425020
BASSMANN_62_0_0_0,"196,plop,201",1,4793692915374410
BASSMANN_62_0_0_0,"191,plop,171",2,37842789928196
BASSMANN_62_0_0_0,"181,plop,211",1,405879402779974
BASSMANN_62_0_0_0,"171,plop,186",1,3894546910794450
BASSMANN_62_0_0_0,"171,plop,206",1,358277106822934
BASSMANN_62_0_0_0,"181,plop,201",1,3.71808991001453E+016
BASSMANN_62_0_0_0,"216,plop,176",2,3718933896534140
BASSMANN_62_0_0_0,"171,plop,176",2,4155047990987080
BASSMANN_62_0_0_0,"191,plop,166",2,3.30823900215328E+016
BASSMANN_62_0_0_0,"201,plop,211",1,3.89243592359126E+016
BASSMANN_62_0_0_0,"206,plop,196",2,3.43256303914823E+016
BASSMANN_62_0_0_0,"176,plop,201",1,3511946115666070
BASSMANN_62_0_0_0,"186,plop,196",1,4082822057441810
BASSMANN_62_0_0_0,"206,plop,216",1,3.79375404133461E+016
BASSMANN_62_0_0_0,"166,plop,176",1,3.76646008356474E+016
BASSMANN_62_0_0_0,"191,plop,206",1,4392411046335470
BASSMANN_62_0_0_0,"211,plop,166",2,4048832957423290
BASSMANN_62_0_0_0,"201,plop,171",2,3932804968697020
BASSMANN_62_0_0_0,"186,plop,181",1,4882021050457840
BASSMANN_62_0_0_0,"216,plop,201",2,3643197004706600
BASSMANN_62_0_0_0,"166,plop,196",1,3533795088203620
BASSMANN_62_0_0_0,"196,plop,211",1,4.14959511291236E+016
BASSMANN_62_0_0_0,"196,plop,221",1,3522937995288520
BASSMANN_62_0_0_0,"176,plop,211",1,3.69223088680301E+016
BASSMANN_62_0_0_0,"221,plop,186",2,3.68195209002588E+016
BASSMANN_62_0_0_0,"196,plop,176",2,3.49855199505109E+016
BASSMANN_62_0_0_0,"176,plop,221",1,3571458054147660
BASSMANN_62_0_0_0,"181,plop,171",2,4344678095914420
BASSMANN_62_0_0_0,"176,plop,181",1,3860277077788490
BASSMANN_62_0_0_0,"201,plop,186",2,3697918045008560
BASSMANN_62_0_0_0,"211,plop,191",2,3451458011311480
BASSMANN_62_0_0_0,"221,plop,206",1,5153193938685580
BASSMANN_62_0_0_0,"216,plop,181",2,3488872892712240
BASSMANN_62_0_0_0,"211,plop,171",2,3.55294004585594E+016
BASSMANN_62_0_0_0,"191,plop,186",1,4198298058728690
BASSMANN_62_0_0_0,"166,plop,216",1,3.65758698587306E+016
BASSMANN_62_0_0_0,"216,plop,161",2,3.64308907757513E+016
BASSMANN_62_0_0_0,"206,plop,161",2,3.33801306076348E+016
BASSMANN_62_0_0_0,"201,plop,191",2,3.76614803159609E+016
BASSMANN_62_0_0_0,"186,plop,216",1,357009208437521
BASSMANN_62_0_0_0,"191,plop,216",1,3486223026085640
BASSMANN_62_0_0_0,"161,plop,201",1,3250263948366050
BASSMANN_62_0_0_0,"161,plop,221",1,3.15252492357977E+016
BASSMANN_62_0_0_0,"211,plop,206",1,6479969118512240
BASSMANN_62_0_0_0,"216,plop,221",1,4158904998586510
BASSMANN_62_0_0_0,"181,plop,166",2,4038862112234350
BASSMANN_62_0_0_0,"181,plop,191",1,3619369019079020
BASSMANN_62_0_0_0,"161,plop,191",1,362493189368397
BASSMANN_62_0_0_0,"171,plop,166",1,5278571986034510
BASSMANN_62_0_0_0,"171,plop,196",1,4070716046518650
BASSMANN_62_0_0_0,"196,plop,161",2,3.49677104691509E+016
BASSMANN_62_0_0_0,"206,plop,201",1,4500431092828510
BASSMANN_62_0_0_0,"201,plop,166",2,3572355943406000
BASSMANN_62_0_0_0,"216,plop,196",1,5463556100870480
BASSMANN_62_0_0_0,"161,plop,171",1,5538856954220680
BASSMANN_62_0_0_0,"191,plop,196",1,5085028028255330
BASSMANN_62_0_0_0,"176,plop,191",1,4250483999750580
Eli_28_1_1_0,"201,plop,186",2,5531080500013190
Eli_28_1_1_0,"201,plop,211",1,5347496000025420
Eli_28_1_1_0,"191,plop,171",2,5656348699959930
Eli_28_1_1_0,"221,plop,206",2,4833937799930570
Eli_28_1_1_0,"161,plop,221",1,5456987499981190
Eli_28_1_1_0,"206,plop,181",2,4.460418700031E+016
Eli_28_1_1_0,"166,plop,216",1,4651483900053430
Eli_28_1_1_0,"196,plop,176",2,4870427800016480
Eli_28_1_1_0,"191,plop,206",1,4562570699979550
Eli_28_1_1_0,"171,plop,196",1,4034736400027760
Eli_28_1_1_0,"191,plop,166",2,4563009300059640
Eli_28_1_1_0,"171,plop,166",2,5017696099961180
Eli_28_1_1_0,"191,plop,196",1,4.84054829997476E+016
Eli_28_1_1_0,"176,plop,161",2,5134521299996410
Eli_28_1_1_0,"216,plop,161",2,4217969000013550
Eli_28_1_1_0,"196,plop,181",2,4270468800002710
Eli_28_1_1_0,"206,plop,216",1,5265503800031730
Eli_28_1_1_0,"211,plop,206",2,519304940002039
Eli_28_1_1_0,"176,plop,201",1,4759674299997280
Eli_28_1_1_0,"201,plop,171",2,4444852900016120
Eli_28_1_1_0,"221,plop,191",2,412996760001406
Eli_28_1_1_0,"191,plop,186",1,5.1337779999245E+016
Eli_28_1_1_0,"196,plop,221",1,42096697000321
Eli_28_1_1_0,"211,plop,186",2,4694075900036840
Eli_28_1_1_0,"186,plop,206",1,4988336300035010
Eli_28_1_1_0,"201,plop,221",1,4.95104149999097E+016
Eli_28_1_1_0,"216,plop,201",2,4188012599968350
Eli_28_1_1_0,"186,plop,216",1,4.09410100001842E+016
Eli_28_1_1_0,"171,plop,176",1,4188012399966830
Eli_28_1_1_0,"216,plop,196",2,5067882499913680
Eli_28_1_1_0,"181,plop,191",2,4208861400047320
Eli_28_1_1_0,"166,plop,161",2,4782323000044560
Eli_28_1_1_0,"211,plop,166",2,397375210004393
Eli_28_1_1_0,"161,plop,181",1,4.8397142999107E+016
Eli_28_1_1_0,"176,plop,221",1,4.79724120001774E+016
Eli_28_1_1_0,"161,plop,201",1,4730498999962580
Eli_28_1_1_0,"206,plop,196",2,4495290200016460
Eli_28_1_1_0,"201,plop,166",2,4130269299983050
Eli_28_1_1_0,"171,plop,186",1,4304382400028410
Eli_28_1_1_0,"166,plop,206",1,5081379900011230
Eli_28_1_1_0,"186,plop,196",1,5426378100086000
Eli_28_1_1_0,"181,plop,201",1,4165051699988540
Eli_28_1_1_0,"211,plop,216",1,4036464000027630
Eli_28_1_1_0,"181,plop,166",2,4552815599972380
Eli_28_1_1_0,"166,plop,176",1,5726199300051670
Eli_28_1_1_0,"176,plop,211",1,5235501399985510
Eli_28_1_1_0,"186,plop,176",1,5.32437880001962E+016
Eli_28_1_1_0,"166,plop,196",1,4788897099928000
Eli_28_1_1_0,"186,plop,181",2,558691229999531
Eli_28_1_1_0,"221,plop,171",2,4436878199945200
Eli_28_1_1_0,"196,plop,161",2,4422419599979180
Eli_28_1_1_0,"186,plop,161",2,5265278099942950
Eli_28_1_1_0,"176,plop,181",1,5601736799953510
Eli_28_1_1_0,"206,plop,161",2,5880502000008710
Eli_28_1_1_0,"221,plop,186",2,4327848700014870
Eli_28_1_1_0,"171,plop,216",1,4318290999997410
Eli_28_1_1_0,"196,plop,211",1,4.23912329997402E+016
Eli_28_1_1_0,"211,plop,191",2,4239250100008210
Eli_28_1_1_0,"161,plop,211",1,4318550099991260
Eli_28_1_1_0,"191,plop,216",1,4326757600088600
Eli_28_1_1_0,"206,plop,201",2,4656290699983950
Eli_28_1_1_0,"216,plop,176",2,3.96663930001669E+016
Eli_28_1_1_0,"221,plop,166",2,3957548899948600
Eli_28_1_1_0,"211,plop,171",2,3896197699964980
Eli_28_1_1_0,"161,plop,191",1,4716355999954980
Eli_28_1_1_0,"221,plop,211",1,4319272199901750
Eli_28_1_1_0,"196,plop,201",1,4656497499928810
Eli_28_1_1_0,"181,plop,171",2,4883720699953850
Eli_28_1_1_0,"206,plop,176",2,3.97579760001972E+016
Eli_28_1_1_0,"216,plop,181",2,3.79252529996447E+016
Eli_28_1_1_0,"181,plop,211",1,4449062000052070
Eli_28_1_1_0,"161,plop,171",1,4663983600004580
Eli_28_1_1_0,"171,plop,206",1,3953690900024960
Eli_28_1_1_0,"181,plop,221",1,4.04192009989638E+016
Eli_28_1_1_0,"201,plop,191",2,4273771600006150
Eli_28_1_1_0,"176,plop,191",1,5382906400039790
Eli_28_1_1_0,"216,plop,221",1,4333051699935460
Eli_28_1_1_0,"166,plop,186",1,4597491999994960
JG_37_1_0_0,"196,plop,176",1,1746785091700020
JG_37_1_0_0,"181,plop,201",1,2617062311700000
JG_37_1_0_0,"196,plop,161",2,5903850086000010
JG_37_1_0_0,"206,plop,181",2,4221735360000000
JG_37_1_0_0,"171,plop,166",1,5847814138999960
JG_37_1_0_0,"161,plop,221",1,5639783726000000
JG_37_1_0_0,"181,plop,191",1,4024913326000020
JG_37_1_0_0,"191,plop,166",2,4280259177999910
JG_37_1_0_0,"211,plop,186",2,4015514063000050
JG_37_1_0_0,"191,plop,186",1,3317947708999870
JG_37_1_0_0,"181,plop,171",2,5258852519999980
JG_37_1_0_0,"216,plop,201",2,5.13836586599982E+016
JG_37_1_0_0,"191,plop,216",1,4177165808000020
JG_37_1_0_0,"201,plop,186",2,5916636076000120
JG_37_1_0_0,"186,plop,161",2,6098491453000040
JG_37_1_0_0,"206,plop,161",2,4852567412000190
JG_37_1_0_0,"221,plop,186",2,4558821782000090
JG_37_1_0_0,"201,plop,171",2,4075061758000270
JG_37_1_0_0,"211,plop,206",1,4767618779999880
JG_37_1_0_0,"201,plop,221",1,4685378205999860
JG_37_1_0_0,"176,plop,201",2,4.66993207699998E+016
JG_37_1_0_0,"166,plop,216",1,4073330872999670
JG_37_1_0_0,"206,plop,176",2,4048330360999990
JG_37_1_0_0,"201,plop,191",2,1.06142735200002E+016
JG_37_1_0_0,"221,plop,206",2,3.80087734799972E+016
JG_37_1_0_0,"166,plop,196",1,3665296060000040
JG_37_1_0_0,"176,plop,221",1,4.72909660900004E+016
JG_37_1_0_0,"176,plop,181",2,4304295027999710
JG_37_1_0_0,"206,plop,196",2,3634119011999790
JG_37_1_0_0,"201,plop,211",1,3.937291069E+016
JG_37_1_0_0,"186,plop,216",1,3.86594669799988E+016
JG_37_1_0_0,"191,plop,171",2,4.89849531799982E+016
JG_37_1_0_0,"206,plop,216",1,8333264815999970
JG_37_1_0_0,"166,plop,161",2,4273534599000050
JG_37_1_0_0,"196,plop,221",1,5048776212999750
JG_37_1_0_0,"211,plop,216",1,4134880797999900
JG_37_1_0_0,"166,plop,176",1,3754218082999710
JG_37_1_0_0,"221,plop,166",2,4136712825000000
JG_37_1_0_0,"186,plop,176",1,6.11265902600016E+016
JG_37_1_0_0,"206,plop,201",1,4.01072125899973E+016
JG_37_1_0_0,"211,plop,191",2,4198643513999830
JG_37_1_0_0,"176,plop,191",2,4986971566999820
JG_37_1_0_0,"161,plop,171",2,4009691549000400
JG_37_1_0_0,"216,plop,196",1,4230530964999710
JG_37_1_0_0,"161,plop,191",1,3619209134999980
JG_37_1_0_0,"166,plop,186",1,3523164822000220
JG_37_1_0_0,"221,plop,171",2,4140312633999750
JG_37_1_0_0,"161,plop,201",2,3.79902997700001E+016
JG_37_1_0_0,"176,plop,211",1,5505578781999790
JG_37_1_0_0,"196,plop,201",1,6.05101155900011E+016
JG_37_1_0_0,"191,plop,196",1,4787801261000000
JG_37_1_0_0,"191,plop,206",2,4903793564999980
JG_37_1_0_0,"196,plop,181",2,4957183367999820
JG_37_1_0_0,"171,plop,196",2,4224749521000010
JG_37_1_0_0,"176,plop,161",2,4.44495585900004E+016
JG_37_1_0_0,"216,plop,181",2,4.2268782950001E+016
JG_37_1_0_0,"171,plop,176",2,4492754060000240
JG_37_1_0_0,"211,plop,166",2,3.83086136800021E+016
JG_37_1_0_0,"166,plop,206",1,414370666900013
JG_37_1_0_0,"161,plop,211",1,4820998333999890
JG_37_1_0_0,"211,plop,171",2,4010118902999780
JG_37_1_0_0,"216,plop,221",2,4290345588999660
JG_37_1_0_0,"181,plop,166",2,4860641510999900
JG_37_1_0_0,"181,plop,221",1,3.61300359100014E+016
JG_37_1_0_0,"186,plop,181",2,4.3168188579999E+016
JG_37_1_0_0,"221,plop,191",2,4769735713000140
JG_37_1_0_0,"161,plop,181",1,4014281918000140
JG_37_1_0_0,"216,plop,161",2,4010394652999910
JG_37_1_0_0,"171,plop,186",1,4.01199426999992E+016
JG_37_1_0_0,"196,plop,211",1,4.02589320900015E+016
JG_37_1_0_0,"186,plop,196",1,3.79216335100009E+016
JG_37_1_0_0,"186,plop,206",1,3.89974553700004E+016
JG_37_1_0_0,"181,plop,211",1,4278348637000000
JG_37_1_0_0,"171,plop,216",1,3617176429999840
JG_37_1_0_0,"201,plop,166",2,3818967236000030
JG_37_1_0_0,"216,plop,176",2,3905217825
JG_37_1_0_0,"221,plop,211",2,3.75841991799971E+016
JG_37_1_0_0,"171,plop,206",1,371765585799958
Joh_28_1_1_0,"211,plop,216",1,4288919029000320
Joh_28_1_1_0,"186,plop,176",2,1.59615943400022E+016
Joh_28_1_1_0,"171,plop,186",1,5558908278000310
Joh_28_1_1_0,"166,plop,176",1,4085471201998730
Joh_28_1_1_0,"181,plop,166",2,3.87891640500093E+016
Joh_28_1_1_0,"176,plop,161",2,5.03407011599993E+016
Joh_28_1_1_0,"166,plop,196",1,4039117652000280
Joh_28_1_1_0,"221,plop,166",2,327647109400059
Joh_28_1_1_0,"196,plop,176",2,4594487894000490
Joh_28_1_1_0,"171,plop,206",1,4780980649000050
Joh_28_1_1_0,"191,plop,216",1,4029598105998590
Joh_28_1_1_0,"206,plop,181",2,4032629572000220
Joh_28_1_1_0,"191,plop,171",2,5403225020999890
Joh_28_1_1_0,"176,plop,181",1,4.18074079500147E+016
Joh_28_1_1_0,"216,plop,161",2,3872756614000170
Joh_28_1_1_0,"221,plop,211",2,4659813341000340
Joh_28_1_1_0,"206,plop,161",2,4331910721000530
Joh_28_1_1_0,"166,plop,186",1,437233900200008
Joh_28_1_1_0,"206,plop,201",1,1.39815573800079E+016
Joh_28_1_1_0,"201,plop,221",1,4188278093000550
Joh_28_1_1_0,"191,plop,166",2,4803335340000190
Joh_28_1_1_0,"216,plop,176",2,4337153182999460
Joh_28_1_1_0,"211,plop,166",2,1.15258437100019E+016
Joh_28_1_1_0,"221,plop,206",2,4056587370001220
Joh_28_1_1_0,"161,plop,181",1,4.07188824899968E+016
Joh_28_1_1_0,"171,plop,216",1,4617487007000450
Joh_28_1_1_0,"201,plop,211",1,3892206288999300
Joh_28_1_1_0,"186,plop,206",1,9.9838282600067E+015
Joh_28_1_1_0,"171,plop,176",1,1.0947497330013E+016
Joh_28_1_1_0,"161,plop,171",1,4.70381550799866E+016
Joh_28_1_1_0,"171,plop,166",2,4317596730999500
Joh_28_1_1_0,"191,plop,206",1,4174669227999040
Joh_28_1_1_0,"161,plop,211",1,3.39371947400068E+016
Joh_28_1_1_0,"166,plop,216",1,3.96512881299859E+016
Joh_28_1_1_0,"206,plop,216",1,3.71680481599979E+016
Joh_28_1_1_0,"181,plop,201",1,4477013940000320
Joh_28_1_1_0,"216,plop,221",1,6668008188000020
Joh_28_1_1_0,"171,plop,196",1,1.11849762600068E+016
Joh_28_1_1_0,"201,plop,171",2,4032957035000070
Joh_28_1_1_0,"186,plop,196",1,4406564567999890
Joh_28_1_1_0,"221,plop,186",2,4548159060999390
Joh_28_1_1_0,"191,plop,186",1,4304359220999320
Joh_28_1_1_0,"186,plop,216",1,4817086651999120
Joh_28_1_1_0,"216,plop,181",2,5213288726999600
Joh_28_1_1_0,"176,plop,211",1,3616626406000800
Joh_28_1_1_0,"196,plop,221",1,371394980499972
Joh_28_1_1_0,"186,plop,161",2,5168268319000710
Joh_28_1_1_0,"166,plop,161",2,3.87280864599925E+016
Joh_28_1_1_0,"196,plop,201",1,462861312800087
Joh_28_1_1_0,"221,plop,191",2,3.85360612899931E+016
Joh_28_1_1_0,"181,plop,211",1,1.19313727370005E+016
Joh_28_1_1_0,"216,plop,201",2,4116921951999390
Joh_28_1_1_0,"196,plop,161",2,4115912935999950
Joh_28_1_1_0,"181,plop,221",1,4256280937000700
Joh_28_1_1_0,"176,plop,191",1,3.83659077499906E+016
Joh_28_1_1_0,"201,plop,191",2,4462640641000330
Joh_28_1_1_0,"206,plop,176",2,453993052100086
Joh_28_1_1_0,"166,plop,206",1,4864431079000130
Joh_28_1_1_0,"211,plop,171",2,5228560269000450
Joh_28_1_1_0,"206,plop,196",2,5003851946999570
Joh_28_1_1_0,"211,plop,191",2,3.81227613600058E+016
Joh_28_1_1_0,"191,plop,196",1,4.68079698299844E+016
Joh_28_1_1_0,"161,plop,201",1,4.14740664900055E+016
Joh_28_1_1_0,"216,plop,196",2,5183698910000750
Joh_28_1_1_0,"181,plop,191",1,4653052224000570
Joh_28_1_1_0,"201,plop,166",2,4325099980998490
Joh_28_1_1_0,"211,plop,186",2,4475222134000070
Joh_28_1_1_0,"211,plop,206",2,5356263631001270
Joh_28_1_1_0,"201,plop,186",2,4188220891999300
Joh_28_1_1_0,"161,plop,191",1,3.69191323499908E+016
Joh_28_1_1_0,"161,plop,221",1,3966358556000700
Joh_28_1_1_0,"181,plop,171",2,5.21269400099991E+016
Joh_28_1_1_0,"186,plop,181",2,3.88016581699922E+016
Joh_28_1_1_0,"176,plop,201",1,4191202296000120
Joh_28_1_1_0,"176,plop,221",1,4030437528999390
Joh_28_1_1_0,"196,plop,211",1,3692377449000200
Joh_28_1_1_0,"221,plop,171",2,3.78154330799916E+016
Joh_28_1_1_0,"196,plop,181",2,4508383357000280
Julia__25_1_1_0_1_,"196,plop,161",1,9.21859860699769E+015
Julia__25_1_1_0_1_,"176,plop,161",1,6267530352002360
Julia__25_1_1_0_1_,"196,plop,176",1,5834611015002880
Julia__25_1_1_0_1_,"181,plop,221",1,2.09401680054725E+016
Julia__25_1_1_0_1_,"196,plop,221",2,6113584890999480
Julia__25_1_1_0_1_,"176,plop,201",2,424013219977496
Julia__25_1_1_0_1_,"196,plop,181",2,8725076037998950
Julia__25_1_1_0_1_,"176,plop,191",2,6901633846000190
Julia__25_1_1_0_1_,"221,plop,166",2,4950793284997050
Julia__25_1_1_0_1_,"181,plop,191",2,6868004806996030
Julia__25_1_1_0_1_,"221,plop,171",2,6.11747780200094E+016
Julia__25_1_1_0_1_,"186,plop,216",2,7752396874997070
Julia__25_1_1_0_1_,"176,plop,181",1,6.38474109499803E+016
Julia__25_1_1_0_1_,"171,plop,176",1,6317880645002880
Julia__25_1_1_0_1_,"211,plop,216",1,5067258697004580
Julia__25_1_1_0_1_,"186,plop,176",1,5334796429002020
Julia__25_1_1_0_1_,"201,plop,166",2,4004866834003770
Julia__25_1_1_0_1_,"186,plop,181",2,6429450782002820
Julia__25_1_1_0_1_,"206,plop,181",2,5935106214995900
Julia__25_1_1_0_1_,"161,plop,191",2,6.18436618300038E+016
Julia__25_1_1_0_1_,"166,plop,196",1,5868139735999280
Julia__25_1_1_0_1_,"221,plop,186",2,6400731331000860
Julia__25_1_1_0_1_,"166,plop,206",1,4.75082408900344E+016
Julia__25_1_1_0_1_,"206,plop,201",1,4900598735004310
Julia__25_1_1_0_1_,"211,plop,171",1,906868213199923
Julia__25_1_1_0_1_,"161,plop,201",1,5850864595996970
Julia__25_1_1_0_1_,"181,plop,171",2,5200784277994530
Julia__25_1_1_0_1_,"211,plop,186",2,6617393775000530
Julia__25_1_1_0_1_,"196,plop,201",2,433370456599514
Julia__25_1_1_0_1_,"211,plop,191",1,5150893163002910
Julia__25_1_1_0_1_,"171,plop,216",1,4650683100998870
Julia__25_1_1_0_1_,"181,plop,211",2,4634771870996340
Julia__25_1_1_0_1_,"206,plop,176",2,4.8344187550043E+016
Julia__25_1_1_0_1_,"211,plop,206",2,4267689690002590
Julia__25_1_1_0_1_,"166,plop,161",1,7151319616002730
Julia__25_1_1_0_1_,"216,plop,201",1,7834507895002030
Julia__25_1_1_0_1_,"166,plop,176",2,5167571093000880
Julia__25_1_1_0_1_,"161,plop,221",2,5183983478005390
Julia__25_1_1_0_1_,"216,plop,176",2,4717936629998440
Julia__25_1_1_0_1_,"191,plop,186",1,505051703700301
Julia__25_1_1_0_1_,"216,plop,181",1,485149112699728
Julia__25_1_1_0_1_,"201,plop,211",1,470096478700143
Julia__25_1_1_0_1_,"206,plop,216",2,4601751996001990
Julia__25_1_1_0_1_,"191,plop,166",2,4883831438006020
Julia__25_1_1_0_1_,"216,plop,161",2,4870368984995000
Julia__25_1_1_0_1_,"201,plop,186",2,7265920935003670
Julia__25_1_1_0_1_,"186,plop,161",2,4517024084999870
Julia__25_1_1_0_1_,"191,plop,216",2,4617755118999050
Julia__25_1_1_0_1_,"166,plop,216",2,4401231790996100
Julia__25_1_1_0_1_,"216,plop,221",2,2.53646414700197E+016
Julia__25_1_1_0_1_,"216,plop,196",1,6.04819441500294E+016
Julia__25_1_1_0_1_,"201,plop,221",1,4.78417334299738E+016
Julia__25_1_1_0_1_,"166,plop,186",1,523468684899999
Julia__25_1_1_0_1_,"171,plop,166",1,5050961269998520
Julia__25_1_1_0_1_,"211,plop,166",1,9.32568632999028E+015
Julia__25_1_1_0_1_,"171,plop,186",2,4384421434997060
Julia__25_1_1_0_1_,"171,plop,206",2,4.51741647299932E+016
Julia__25_1_1_0_1_,"196,plop,211",2,4717655063004350
Julia__25_1_1_0_1_,"221,plop,206",2,4817743278997660
Julia__25_1_1_0_1_,"176,plop,221",1,4217929423999160
Julia__25_1_1_0_1_,"161,plop,181",1,4223726056001030
Julia__25_1_1_0_1_,"221,plop,211",2,4460425826002030
Julia__25_1_1_0_1_,"206,plop,161",1,443402426700195
Julia__25_1_1_0_1_,"161,plop,171",1,4024497116000570
Julia__25_1_1_0_1_,"191,plop,171",1,4560336292999270
Julia__25_1_1_0_1_,"201,plop,191",1,4.23492581900209E+016
Julia__25_1_1_0_1_,"186,plop,196",1,5034963527004580
Julia__25_1_1_0_1_,"186,plop,206",1,4800307974002500
Julia__25_1_1_0_1_,"181,plop,166",1,4600672035996100
Julia__25_1_1_0_1_,"221,plop,191",1,4533919754003
Julia__25_1_1_0_1_,"181,plop,201",2,1.85379338399944E+016
Julia__25_1_1_0_1_,"201,plop,171",1,2.16298651600082E+016
Julia__25_1_1_0_1_,"171,plop,196",1,5.30147507499496E+016
Julia__25_1_1_0_1_,"176,plop,211",1,5434993930999190
Julia__25_1_1_0_1_,"161,plop,211",2,1.42015641199541E+016
Julia__25_1_1_0_1_,"191,plop,206",2,3430192455003270
Julia__25_1_1_0_1_,"191,plop,196",2,156886710900435
Julia__25_1_1_0_1_,"206,plop,196",1,1.70011337600008E+016
KAPA_57_1_0_0,"221,plop,206",2,4.75653193078469E+016
KAPA_57_1_0_0,"166,plop,196",1,4738939881697300
KAPA_57_1_0_0,"221,plop,171",2,402281502415426
KAPA_57_1_0_0,"201,plop,186",2,432680893971119
KAPA_57_1_0_0,"191,plop,166",2,3988249914860350
KAPA_57_1_0_0,"171,plop,176",1,4443733005225660
KAPA_57_1_0_0,"171,plop,186",1,4.11661200565286E+016
KAPA_57_1_0_0,"171,plop,196",1,4552147955191320
KAPA_57_1_0_0,"196,plop,176",2,3.92627301407047E+016
KAPA_57_1_0_0,"206,plop,196",2,472616803869605
KAPA_57_1_0_0,"221,plop,211",2,4481004948401820
KAPA_57_1_0_0,"181,plop,171",2,6042571899737230
KAPA_57_1_0_0,"186,plop,206",1,4292563021322710
KAPA_57_1_0_0,"176,plop,211",1,4546942897513510
KAPA_57_1_0_0,"211,plop,191",2,4113630091329110
KAPA_57_1_0_0,"176,plop,161",2,3.89023293952923E+016
KAPA_57_1_0_0,"181,plop,201",1,4254671042691920
KAPA_57_1_0_0,"206,plop,201",2,4398145912354810
KAPA_57_1_0_0,"166,plop,186",1,4.34439190293197E+016
KAPA_57_1_0_0,"211,plop,206",1,4818851085868660
KAPA_57_1_0_0,"171,plop,166",2,4398786996398120
KAPA_57_1_0_0,"171,plop,206",1,3.98389301055577E+016
KAPA_57_1_0_0,"176,plop,181",2,5.79944699748885E+016
KAPA_57_1_0_0,"216,plop,221",1,5406051080930050
KAPA_57_1_0_0,"181,plop,211",1,4476386065152470
KAPA_57_1_0_0,"166,plop,206",1,4002731911861340
KAPA_57_1_0_0,"161,plop,221",1,4062756016408090
KAPA_57_1_0_0,"191,plop,171",2,4258061907975930
KAPA_57_1_0_0,"166,plop,176",2,4393784926761870
KAPA_57_1_0_0,"211,plop,171",2,383602106992621
KAPA_57_1_0_0,"221,plop,166",2,4003550028102470
KAPA_57_1_0_0,"201,plop,166",2,3.79704611843918E+016
KAPA_57_1_0_0,"196,plop,211",1,4319208076945510
KAPA_57_1_0_0,"201,plop,221",1,4283101074886510
KAPA_57_1_0_0,"211,plop,216",1,4993466897658070
KAPA_57_1_0_0,"201,plop,171",2,4180290948157200
KAPA_57_1_0_0,"161,plop,201",1,4064153915410860
KAPA_57_1_0_0,"196,plop,221",1,4.29631091039628E+016
KAPA_57_1_0_0,"186,plop,176",2,3.9211869134102E+016
KAPA_57_1_0_0,"166,plop,216",1,3.92149289397057E+016
KAPA_57_1_0_0,"176,plop,221",1,4092632983601650
KAPA_57_1_0_0,"206,plop,216",1,5060621117730620
KAPA_57_1_0_0,"176,plop,201",1,3959376999200320
KAPA_57_1_0_0,"191,plop,196",1,4690716091799550
KAPA_57_1_0_0,"221,plop,191",2,3.80156496821437E+016
KAPA_57_1_0_0,"186,plop,196",1,4087294940976430
KAPA_57_1_0_0,"221,plop,186",2,4078788028704000
KAPA_57_1_0_0,"211,plop,166",2,4031926891207690
KAPA_57_1_0_0,"161,plop,181",1,3856532925530340
KAPA_57_1_0_0,"171,plop,216",1,3.98361401809379E+016
KAPA_57_1_0_0,"211,plop,186",2,4016734954807910
KAPA_57_1_0_0,"196,plop,181",2,4219909020955670
KAPA_57_1_0_0,"196,plop,161",2,3.98637697289232E+016
KAPA_57_1_0_0,"191,plop,216",1,4085289115109480
KAPA_57_1_0_0,"161,plop,211",1,3.72887390796095E+016
KAPA_57_1_0_0,"186,plop,216",1,3.96000708281063E+016
KAPA_57_1_0_0,"201,plop,191",2,4.10115303520579E+016
KAPA_57_1_0_0,"181,plop,166",2,3.98715004292317E+016
KAPA_57_1_0_0,"216,plop,181",2,3.76159999370575E+016
KAPA_57_1_0_0,"216,plop,201",2,4335689880792050
KAPA_57_1_0_0,"201,plop,211",1,4204834078811110
KAPA_57_1_0_0,"216,plop,176",2,4424183998978700
KAPA_57_1_0_0,"216,plop,196",2,4175780058163220
KAPA_57_1_0_0,"191,plop,206",1,4155849917698650
KAPA_57_1_0_0,"206,plop,176",2,3971310888673180
KAPA_57_1_0_0,"216,plop,161",2,3.77792593943886E+016
KAPA_57_1_0_0,"206,plop,181",2,4025550114247020
KAPA_57_1_0_0,"181,plop,221",1,4942210891889410
KAPA_57_1_0_0,"186,plop,161",2,4099083883827550
KAPA_57_1_0_0,"161,plop,171",1,4572254954045640
KAPA_57_1_0_0,"161,plop,191",1,4389257962605920
KAPA_57_1_0_0,"166,plop,161",1,4456409912696110
KAPA_57_1_0_0,"181,plop,191",1,4536142886057500
KAPA_57_1_0_0,"206,plop,161",2,3.80159696461633E+016
KAPA_57_1_0_0,"176,plop,191",1,4549236989370550
KAPA_57_1_0_0,"186,plop,181",2,4764017078932370
KAPA_57_1_0_0,"191,plop,186",1,4527765061613170
KAPA_57_1_0_0,"196,plop,201",1,4236817930615510
LH_23_1_1_0,"201,plop,171",2,4879133374802770
LH_23_1_1_0,"171,plop,216",1,4018547500390560
LH_23_1_1_0,"196,plop,211",1,4076007458288220
LH_23_1_1_0,"201,plop,211",1,4570689875073730
LH_23_1_1_0,"181,plop,191",1,4.48867499958724E+016
LH_23_1_1_0,"186,plop,216",1,3.99672629069537E+016
LH_23_1_1_0,"216,plop,176",2,4021040625311430
LH_23_1_1_0,"191,plop,171",2,3898065584152940
LH_23_1_1_0,"176,plop,221",1,3961370834056290
LH_23_1_1_0,"211,plop,166",2,3.522708875034E+016
LH_23_1_1_0,"206,plop,201",2,426607958311215
LH_23_1_1_0,"161,plop,171",2,5702323375176640
LH_23_1_1_0,"201,plop,166",2,3.52504837503657E+016
LH_23_1_1_0,"206,plop,161",2,3305610875040290
LH_23_1_1_0,"186,plop,161",2,3.46845337506384E+016
LH_23_1_1_0,"211,plop,216",1,4057426416687670
LH_23_1_1_0,"181,plop,166",2,4485120791848750
LH_23_1_1_0,"221,plop,186",2,3137110791075970
LH_23_1_1_0,"166,plop,196",1,3396765542123470
LH_23_1_1_0,"181,plop,211",1,3.47971245869994E+016
LH_23_1_1_0,"161,plop,211",1,320148649988696
LH_23_1_1_0,"191,plop,206",1,1015467250160870
LH_23_1_1_0,"211,plop,171",2,4840336624905470
LH_23_1_1_0,"176,plop,211",1,3.01521191690117E+016
LH_23_1_1_0,"171,plop,196",1,3839062333945180
LH_23_1_1_0,"161,plop,191",1,3.57948383307084E+016
LH_23_1_1_0,"196,plop,161",2,3738806541915980
LH_23_1_1_0,"221,plop,191",2,3.54216524995863E+016
LH_23_1_1_0,"166,plop,216",2,2.07999262483791E+016
LH_23_1_1_0,"191,plop,166",2,3.99956275001168E+016
LH_23_1_1_0,"201,plop,191",2,4.09691141629592E+016
LH_23_1_1_0,"216,plop,221",1,1.08057366721332E+016
LH_23_1_1_0,"221,plop,211",2,3999933208245780
LH_23_1_1_0,"186,plop,206",2,3862265916913750
LH_23_1_1_0,"171,plop,186",1,1.56131345909089E+016
LH_23_1_1_0,"221,plop,206",1,4392970167007300
LH_23_1_1_0,"161,plop,201",1,3.51759400023147E+016
LH_23_1_1_0,"171,plop,166",1,5.32581375017762E+016
LH_23_1_1_0,"206,plop,216",1,3.45821945918724E+016
LH_23_1_1_0,"201,plop,221",1,3.87994316630065E+016
LH_23_1_1_0,"166,plop,176",1,3740579584054650
LH_23_1_1_0,"196,plop,221",1,5383575749956070
LH_23_1_1_0,"221,plop,166",2,3.50592683292925E+016
LH_23_1_1_0,"181,plop,221",1,4338849291112270
LH_23_1_1_0,"206,plop,196",2,3355970458034430
LH_23_1_1_0,"186,plop,181",1,4955655209161340
LH_23_1_1_0,"186,plop,176",2,4518913166970010
LH_23_1_1_0,"216,plop,201",1,4481406667176630
LH_23_1_1_0,"176,plop,181",2,5.22748616700992E+016
LH_23_1_1_0,"201,plop,186",2,3.73884470891207E+016
LH_23_1_1_0,"216,plop,196",2,3.48798583392054E+016
LH_23_1_1_0,"181,plop,171",2,4379103749897330
LH_23_1_1_0,"191,plop,186",2,3.91819616723806E+016
LH_23_1_1_0,"176,plop,201",1,4140678499732170
LH_23_1_1_0,"196,plop,176",2,3866601041890680
LH_23_1_1_0,"196,plop,181",2,4.03892429163679E+016
LH_23_1_1_0,"206,plop,176",2,4198743333946910
LH_23_1_1_0,"171,plop,176",1,4724864833895120
LH_23_1_1_0,"211,plop,206",1,4040823040902610
LH_23_1_1_0,"166,plop,206",1,387992062503472
LH_23_1_1_0,"186,plop,196",1,1.19814691729844E+016
LH_23_1_1_0,"211,plop,186",2,3918805207964030
LH_23_1_1_0,"176,plop,161",2,3.56149950008839E+016
LH_23_1_1_0,"196,plop,201",1,7775184250343590
LH_23_1_1_0,"191,plop,216",1,3.65484283296391E+016
LH_23_1_1_0,"176,plop,191",1,3901317083183680
LH_23_1_1_0,"206,plop,181",2,366481008278206
LH_23_1_1_0,"161,plop,181",1,4.35804583309218E+016
LH_23_1_1_0,"161,plop,221",1,3.33409908311442E+016
LH_23_1_1_0,"216,plop,161",2,4599509791843590
LH_23_1_1_0,"181,plop,201",1,9.96117458119988E+015
LH_23_1_1_0,"221,plop,171",2,3.31972633292899E+016
LH_23_1_1_0,"171,plop,206",1,3325101750344040
LH_23_1_1_0,"166,plop,186",1,3.62125529246405E+016
LH_23_1_1_0,"191,plop,196",1,3.76711654188111E+016
LH_23_1_1_0,"211,plop,191",2,3.40015449970961E+016
LH_23_1_1_0,"216,plop,181",2,3367674250062560
LH_23_1_1_0,"166,plop,161",2,4357764082867650
MA_30_1_1_0,"201,plop,166",2,3926956033706670
MA_30_1_1_0,"181,plop,201",1,3.93595705032349E+016
MA_30_1_1_0,"166,plop,176",1,3541783905029300
MA_30_1_1_0,"171,plop,216",1,3.66116509437561E+016
MA_30_1_1_0,"191,plop,166",2,3.79835591316223E+016
MA_30_1_1_0,"171,plop,186",1,3760279989242550
MA_30_1_1_0,"186,plop,216",1,3.88822803497314E+016
MA_30_1_1_0,"196,plop,201",1,3640168046951290
MA_30_1_1_0,"201,plop,221",1,4242112016677860
MA_30_1_1_0,"206,plop,161",2,4143771982192990
MA_30_1_1_0,"186,plop,161",2,3681284999847410
MA_30_1_1_0,"191,plop,216",1,3993770933151250
MA_30_1_1_0,"176,plop,211",1,3495166873931880
MA_30_1_1_0,"176,plop,181",1,3602647876739500
MA_30_1_1_0,"186,plop,206",1,4046197986602780
MA_30_1_1_0,"196,plop,221",1,328694806098938
MA_30_1_1_0,"201,plop,186",2,3.80890498161316E+016
MA_30_1_1_0,"181,plop,191",1,3827182149887080
MA_30_1_1_0,"191,plop,196",2,3.59200797080994E+016
MA_30_1_1_0,"221,plop,191",2,3.40307078361511E+016
MA_30_1_1_0,"171,plop,206",1,3.19856986999512E+016
MA_30_1_1_0,"181,plop,211",1,4311985826492310
MA_30_1_1_0,"216,plop,196",2,3483857011795040
MA_30_1_1_0,"211,plop,166",2,3414051866531370
MA_30_1_1_0,"221,plop,186",2,329533109664917
MA_30_1_1_0,"201,plop,171",2,329577693939209
MA_30_1_1_0,"191,plop,206",1,3.99624094963074E+016
MA_30_1_1_0,"216,plop,221",1,6.45206699371338E+016
MA_30_1_1_0,"161,plop,201",1,3.84834585189819E+016
MA_30_1_1_0,"161,plop,171",1,3464398956298830
MA_30_1_1_0,"201,plop,211",1,4391050910949710
MA_30_1_1_0,"206,plop,196",2,3997029161453250
MA_30_1_1_0,"221,plop,166",2,3.28658494949341E+016
MA_30_1_1_0,"176,plop,191",1,3532313919067380
MA_30_1_1_0,"216,plop,176",2,3641093111038210
MA_30_1_1_0,"166,plop,186",1,4252553081512450
MA_30_1_1_0,"176,plop,161",2,5564974164962770
MA_30_1_1_0,"221,plop,206",2,3.77950582504272E+016
MA_30_1_1_0,"221,plop,211",2,3620627021789550
MA_30_1_1_0,"201,plop,191",2,3474056100845340
MA_30_1_1_0,"196,plop,176",2,3493831968307500
MA_30_1_1_0,"166,plop,206",1,3464187002182010
MA_30_1_1_0,"221,plop,171",2,3463081932067870
MA_30_1_1_0,"216,plop,161",2,3.50276288986206E+016
MA_30_1_1_0,"206,plop,216",1,3.53319320678711E+016
MA_30_1_1_0,"181,plop,171",2,446837100982666
MA_30_1_1_0,"171,plop,166",1,4842884874343870
MA_30_1_1_0,"191,plop,171",2,4262791013717650
MA_30_1_1_0,"211,plop,171",1,3.57147917747498E+016
MA_30_1_1_0,"206,plop,176",1,3.97551093101501E+016
MA_30_1_1_0,"191,plop,186",1,4016247844696040
MA_30_1_1_0,"206,plop,201",1,4035384035110470
MA_30_1_1_0,"206,plop,181",1,6302592134475710
MA_30_1_1_0,"186,plop,176",2,5001699066162110
MA_30_1_1_0,"211,plop,216",1,4086534118652340
MA_30_1_1_0,"166,plop,161",1,3484074926376340
MA_30_1_1_0,"176,plop,201",1,3808385944366460
MA_30_1_1_0,"161,plop,221",1,3.67092905044556E+016
MA_30_1_1_0,"216,plop,181",2,3.67079291343689E+016
MA_30_1_1_0,"216,plop,201",2,4321161842346190
MA_30_1_1_0,"186,plop,196",1,3.43421087265015E+016
MA_30_1_1_0,"166,plop,196",1,3.41392121315002E+016
MA_30_1_1_0,"186,plop,181",2,4449052906036380
MA_30_1_1_0,"181,plop,221",1,3.52329382896423E+016
MA_30_1_1_0,"161,plop,211",1,3.25673494338989E+016
MA_30_1_1_0,"181,plop,166",1,3.72113904953003E+016
MA_30_1_1_0,"211,plop,206",1,5801025009155270
MA_30_1_1_0,"171,plop,176",1,3.6988187789917E+016
MA_30_1_1_0,"196,plop,181",1,5081255054473880
MA_30_1_1_0,"211,plop,191",2,3670678949356080
MA_30_1_1_0,"171,plop,196",1,3148999071121220
MA_30_1_1_0,"166,plop,216",1,3.48336300849915E+016
MA_30_1_1_0,"161,plop,181",1,3.55207715034485E+016
MA_30_1_1_0,"161,plop,191",1,3.46424708366394E+016
MA_30_1_1_0,"196,plop,161",2,3.51347408294678E+016
MA_30_1_1_0,"176,plop,221",1,4409323072433470
MA_30_1_1_0,"211,plop,186",2,3.51161513328552E+016
MA_30_1_1_0,"196,plop,211",1,3.4245689868927E+016
Mina_28_1_0_0,"176,plop,221",1,9.72191149999853E+015
Mina_28_1_0_0,"176,plop,161",2,9.18350199996494E+015
Mina_28_1_0_0,"191,plop,186",2,1101716280003310
Mina_28_1_0_0,"171,plop,216",1,6394436199998020
Mina_28_1_0_0,"221,plop,171",2,6635222299979070
Mina_28_1_0_0,"221,plop,166",2,5.46592850001762E+016
Mina_28_1_0_0,"161,plop,201",2,5049807800003330
Mina_28_1_0_0,"181,plop,191",2,4512598599970810
Mina_28_1_0_0,"176,plop,211",2,4416689700004640
Mina_28_1_0_0,"171,plop,176",2,4887970699951980
Mina_28_1_0_0,"216,plop,176",2,5040144799998960
Mina_28_1_0_0,"221,plop,186",2,4408798699988980
Mina_28_1_0_0,"181,plop,201",1,583007890000008
Mina_28_1_0_0,"196,plop,181",2,5473058800003490
Mina_28_1_0_0,"206,plop,161",2,5243437399994580
Mina_28_1_0_0,"171,plop,206",1,524276980003342
Mina_28_1_0_0,"221,plop,206",2,7.55752190001076E+016
Mina_28_1_0_0,"161,plop,191",1,5685463099996560
Mina_28_1_0_0,"176,plop,201",1,4472738000005480
Mina_28_1_0_0,"221,plop,191",2,5871387999993750
Mina_28_1_0_0,"216,plop,161",2,1.8592641800025E+016
Mina_28_1_0_0,"186,plop,161",2,6178103300009390
Mina_28_1_0_0,"161,plop,211",1,4839061200001740
Mina_28_1_0_0,"196,plop,201",1,5536127399967520
Mina_28_1_0_0,"206,plop,181",2,1407491250000890
Mina_28_1_0_0,"166,plop,161",2,5325198299973270
Mina_28_1_0_0,"161,plop,221",2,4978828699991570
Mina_28_1_0_0,"211,plop,206",2,488089589998126
Mina_28_1_0_0,"206,plop,216",2,5081357500015290
Mina_28_1_0_0,"196,plop,161",2,5107791000010910
Mina_28_1_0_0,"166,plop,206",1,5045039999962320
Mina_28_1_0_0,"181,plop,166",2,5594776699983050
Mina_28_1_0_0,"166,plop,186",1,493282589999726
Mina_28_1_0_0,"211,plop,186",2,5017941499967130
Mina_28_1_0_0,"211,plop,166",2,5430610100005290
Mina_28_1_0_0,"166,plop,176",1,5914580800011750
Mina_28_1_0_0,"201,plop,171",2,5386279499996450
Mina_28_1_0_0,"171,plop,196",1,7181262800027620
Mina_28_1_0_0,"216,plop,181",2,763154249995714
Mina_28_1_0_0,"211,plop,191",2,7320841699978340
Mina_28_1_0_0,"166,plop,196",1,6432988700014540
Mina_28_1_0_0,"201,plop,166",2,3396027230002220
Mina_28_1_0_0,"181,plop,221",1,7771999000012870
Mina_28_1_0_0,"191,plop,196",2,5938402499968650
Mina_28_1_0_0,"201,plop,211",1,6.29467340002302E+016
Mina_28_1_0_0,"186,plop,176",1,4007545900030530
Mina_28_1_0_0,"196,plop,221",1,4522350900014860
Mina_28_1_0_0,"186,plop,216",1,424707060001092
Mina_28_1_0_0,"176,plop,191",1,4432000800000970
Mina_28_1_0_0,"206,plop,201",1,2.90410849999986E+016
Mina_28_1_0_0,"181,plop,211",1,5631018399982710
Mina_28_1_0_0,"221,plop,211",2,3853771980004380
Mina_28_1_0_0,"161,plop,171",1,6650050999969240
Mina_28_1_0_0,"191,plop,171",2,4907114299968820
Mina_28_1_0_0,"211,plop,216",1,5862480399978810
Mina_28_1_0_0,"201,plop,191",2,4824095000012310
Mina_28_1_0_0,"186,plop,181",2,4245313500019260
Mina_28_1_0_0,"186,plop,196",2,4453206200001300
Mina_28_1_0_0,"216,plop,196",2,4.75849399997387E+016
Mina_28_1_0_0,"201,plop,221",1,5884664899983910
Mina_28_1_0_0,"186,plop,206",1,5697219299990680
Mina_28_1_0_0,"216,plop,201",2,546923489999026
Mina_28_1_0_0,"181,plop,171",2,4958236600004600
Mina_28_1_0_0,"166,plop,216",1,5757887900015340
Mina_28_1_0_0,"161,plop,181",1,5259606800007170
Mina_28_1_0_0,"191,plop,216",1,4718944199988620
Mina_28_1_0_0,"171,plop,186",1,4525882300012740
Mina_28_1_0_0,"206,plop,196",2,6342291399976240
Mina_28_1_0_0,"201,plop,186",2,4089120899990670
Mina_28_1_0_0,"216,plop,221",1,6728344899974760
Mina_28_1_0_0,"196,plop,211",1,888146959998412
Mina_28_1_0_0,"211,plop,171",2,2.11849506000523E+016
Mina_28_1_0_0,"176,plop,181",1,6749977100023530
Mina_28_1_0_0,"206,plop,176",2,5801266699994450
Mina_28_1_0_0,"191,plop,166",2,458442839999916
Mina_28_1_0_0,"171,plop,166",1,6.69102990000974E+016
Mina_28_1_0_0,"196,plop,176",2,7504860200011170
Mina_28_1_0_0,"191,plop,206",1,5518623699981250
Tom_Johnes_68_0_0_0,"176,plop,201",1,1.22108559999848E+016
Tom_Johnes_68_0_0_0,"191,plop,186",1,1.43907535999548E+016
Tom_Johnes_68_0_0_0,"191,plop,171",1,5206874699995390
Tom_Johnes_68_0_0_0,"211,plop,206",1,7528468899976000
Tom_Johnes_68_0_0_0,"181,plop,171",2,6713655799999830
Tom_Johnes_68_0_0_0,"181,plop,211",1,7072004499984910
Tom_Johnes_68_0_0_0,"201,plop,191",2,6119428200030230
Tom_Johnes_68_0_0_0,"171,plop,166",2,6496385099971670
Tom_Johnes_68_0_0_0,"161,plop,221",1,7403608300047930
Tom_Johnes_68_0_0_0,"221,plop,186",2,5660867799969860
Tom_Johnes_68_0_0_0,"161,plop,171",1,6017515000037380
Tom_Johnes_68_0_0_0,"196,plop,201",1,5538302499998830
Tom_Johnes_68_0_0_0,"161,plop,201",1,7.44538929996779E+016
Tom_Johnes_68_0_0_0,"201,plop,211",1,5065373900020500
Tom_Johnes_68_0_0_0,"221,plop,211",1,5800317699986040
Tom_Johnes_68_0_0_0,"181,plop,201",1,4079183499992360
Tom_Johnes_68_0_0_0,"201,plop,171",2,5.26814120003255E+016
Tom_Johnes_68_0_0_0,"216,plop,176",2,4611282099992970
Tom_Johnes_68_0_0_0,"201,plop,221",1,4963273800001480
Tom_Johnes_68_0_0_0,"166,plop,176",1,4078419799997940
Tom_Johnes_68_0_0_0,"206,plop,176",2,4815233299997640
Tom_Johnes_68_0_0_0,"176,plop,161",2,4300194699980780
Tom_Johnes_68_0_0_0,"181,plop,221",1,5802330900006930
Tom_Johnes_68_0_0_0,"171,plop,186",1,9.17640899971593E+015
Tom_Johnes_68_0_0_0,"176,plop,221",1,1.23003807000001E+016
Tom_Johnes_68_0_0_0,"211,plop,186",2,5400852000014860
Tom_Johnes_68_0_0_0,"166,plop,161",1,7253047400002830
Tom_Johnes_68_0_0_0,"171,plop,216",1,4464166699990160
Tom_Johnes_68_0_0_0,"206,plop,181",2,5037117199995550
Tom_Johnes_68_0_0_0,"206,plop,196",2,602011269996874
Tom_Johnes_68_0_0_0,"211,plop,216",1,5659542600007260
Tom_Johnes_68_0_0_0,"196,plop,211",1,492406259997515
Tom_Johnes_68_0_0_0,"176,plop,191",1,4345134300028440
Tom_Johnes_68_0_0_0,"166,plop,216",1,3.98268939999398E+016
Tom_Johnes_68_0_0_0,"161,plop,211",1,4136664799961730
Tom_Johnes_68_0_0_0,"196,plop,161",2,530427909999853
Tom_Johnes_68_0_0_0,"191,plop,166",2,4107989700010510
Tom_Johnes_68_0_0_0,"186,plop,161",2,3781441300024740
Tom_Johnes_68_0_0_0,"196,plop,176",2,3.88476549999323E+016
Tom_Johnes_68_0_0_0,"171,plop,196",1,4971311499970030
Tom_Johnes_68_0_0_0,"216,plop,161",2,4828819299954920
Tom_Johnes_68_0_0_0,"201,plop,186",1,495371799999848
Tom_Johnes_68_0_0_0,"166,plop,206",1,4844647399988030
Tom_Johnes_68_0_0_0,"171,plop,176",1,4.74484359999187E+016
Tom_Johnes_68_0_0_0,"221,plop,191",2,4902676399995110
Tom_Johnes_68_0_0_0,"186,plop,216",1,4975821399968120
Tom_Johnes_68_0_0_0,"171,plop,206",1,4026171900006010
Tom_Johnes_68_0_0_0,"196,plop,221",1,3966850499995050
Tom_Johnes_68_0_0_0,"221,plop,166",2,4770492699951860
Tom_Johnes_68_0_0_0,"221,plop,171",2,4433142800023780
Tom_Johnes_68_0_0_0,"161,plop,191",1,5000375800032630
Tom_Johnes_68_0_0_0,"186,plop,206",1,3977554800012150
Tom_Johnes_68_0_0_0,"181,plop,191",1,4185289100010410
Tom_Johnes_68_0_0_0,"166,plop,196",1,3.84882259999868E+016
Tom_Johnes_68_0_0_0,"216,plop,181",2,5758056600019340
Tom_Johnes_68_0_0_0,"216,plop,201",1,4755040299985560
Tom_Johnes_68_0_0_0,"221,plop,206",1,3.93104700001422E+016
Tom_Johnes_68_0_0_0,"216,plop,221",1,4462835200037810
Tom_Johnes_68_0_0_0,"191,plop,216",1,4324015299987510
Tom_Johnes_68_0_0_0,"211,plop,171",2,5030756299989300
Tom_Johnes_68_0_0_0,"206,plop,161",2,3902537100040350
Tom_Johnes_68_0_0_0,"186,plop,181",1,6189842599991240
Tom_Johnes_68_0_0_0,"186,plop,176",2,5547142200020610
Tom_Johnes_68_0_0_0,"206,plop,216",1,5346420199982820
Tom_Johnes_68_0_0_0,"206,plop,201",1,4062389799999070
Tom_Johnes_68_0_0_0,"166,plop,186",1,410044400000479
Tom_Johnes_68_0_0_0,"176,plop,181",1,3849400200031230
Tom_Johnes_68_0_0_0,"201,plop,166",2,4650429800001440
Tom_Johnes_68_0_0_0,"191,plop,196",1,5131041099980940
Tom_Johnes_68_0_0_0,"191,plop,206",1,4084430700016670
Tom_Johnes_68_0_0_0,"196,plop,181",2,4872669900034090
Tom_Johnes_68_0_0_0,"211,plop,191",2,4086178799998020
Tom_Johnes_68_0_0_0,"176,plop,211",1,5.70263809998287E+016
Tom_Johnes_68_0_0_0,"211,plop,166",2,4.65563070002245E+016
Tom_Johnes_68_0_0_0,"181,plop,166",2,3987371600023470
Tom_Johnes_68_0_0_0,"216,plop,196",1,4857502099964770
Tom_Johnes_68_0_0_0,"161,plop,181",1,3.99609009999549E+016
Tom_Johnes_68_0_0_0,"186,plop,196",1,3907886700029480
TomBom_37_0_0_0,"186,plop,176",1,4816033691001940
TomBom_37_0_0_0,"206,plop,201",2,4258115515994720
TomBom_37_0_0_0,"191,plop,186",1,4297017604004940
TomBom_37_0_0_0,"186,plop,206",1,5787670863000680
TomBom_37_0_0_0,"206,plop,161",2,4655530398007250
TomBom_37_0_0_0,"196,plop,211",1,9.93485161999706E+015
TomBom_37_0_0_0,"196,plop,161",2,4.3708323889965E+016
TomBom_37_0_0_0,"161,plop,211",2,918098396800051
TomBom_37_0_0_0,"196,plop,201",2,7320916502003090
TomBom_37_0_0_0,"166,plop,216",1,4991270908992740
TomBom_37_0_0_0,"166,plop,206",1,4.48717767498747E+016
TomBom_37_0_0_0,"211,plop,171",2,4001900034004940
TomBom_37_0_0_0,"206,plop,216",1,5.2902074200043E+016
TomBom_37_0_0_0,"186,plop,181",2,5062356050993550
TomBom_37_0_0_0,"191,plop,171",1,4150964132009540
TomBom_37_0_0_0,"166,plop,161",2,4006476164003830
TomBom_37_0_0_0,"216,plop,201",1,4906193540003730
TomBom_37_0_0_0,"221,plop,166",2,7534303170046770
TomBom_37_0_0_0,"176,plop,181",1,4181777554994910
TomBom_37_0_0_0,"211,plop,216",1,3767129657987970
TomBom_37_0_0_0,"171,plop,166",2,5029415075996080
TomBom_37_0_0_0,"176,plop,161",2,400673424299166
TomBom_37_0_0_0,"196,plop,221",1,4820110177004240
TomBom_37_0_0_0,"181,plop,201",1,3.706207549994E+016
TomBom_37_0_0_0,"166,plop,196",1,3.85840244500432E+016
TomBom_37_0_0_0,"191,plop,216",2,6209830721994510
TomBom_37_0_0_0,"181,plop,211",1,4207261680997910
TomBom_37_0_0_0,"181,plop,171",2,4.17043093800894E+016
TomBom_37_0_0_0,"206,plop,181",2,3.7265817819949E+016
TomBom_37_0_0_0,"216,plop,176",2,4560661478995460
TomBom_37_0_0_0,"191,plop,196",1,4.78257248000009E+016
TomBom_37_0_0_0,"201,plop,171",2,3.74634975900117E+016
TomBom_37_0_0_0,"161,plop,221",1,387474656800041
TomBom_37_0_0_0,"216,plop,221",2,6364337981003340
TomBom_37_0_0_0,"201,plop,191",2,5302329143998210
TomBom_37_0_0_0,"211,plop,166",2,3736667489001410
TomBom_37_0_0_0,"211,plop,186",2,4638145926999280
TomBom_37_0_0_0,"181,plop,221",1,5430341242995930
TomBom_37_0_0_0,"221,plop,171",2,4466364523011730
TomBom_37_0_0_0,"221,plop,206",2,4110033670987470
TomBom_37_0_0_0,"161,plop,171",1,4241185638000020
TomBom_37_0_0_0,"201,plop,166",2,4296957130989180
TomBom_37_0_0_0,"221,plop,211",1,5965296218995350
TomBom_37_0_0_0,"166,plop,176",1,63215218719939
TomBom_37_0_0_0,"211,plop,191",2,4.10179812600254E+016
TomBom_37_0_0_0,"161,plop,201",1,3.70688145601307E+016
TomBom_37_0_0_0,"181,plop,166",2,3.95486209699593E+016
TomBom_37_0_0_0,"176,plop,221",2,9.44246991007822E+015
TomBom_37_0_0_0,"186,plop,161",2,6654130464995980
TomBom_37_0_0_0,"201,plop,221",2,4896168164000850
TomBom_37_0_0_0,"171,plop,206",2,5673568294988950
TomBom_37_0_0_0,"171,plop,186",2,5770795632991940
TomBom_37_0_0_0,"201,plop,211",2,4619356673990840
TomBom_37_0_0_0,"176,plop,201",2,5300711322991990
TomBom_37_0_0_0,"221,plop,191",1,4362584665993930
TomBom_37_0_0_0,"171,plop,216",1,4621543404000110
TomBom_37_0_0_0,"176,plop,191",2,6701741266000320
TomBom_37_0_0_0,"191,plop,166",1,6944919809998830
TomBom_37_0_0_0,"216,plop,181",1,4207175536002610
TomBom_37_0_0_0,"176,plop,211",1,5463119062996700
TomBom_37_0_0_0,"171,plop,176",1,4328101315995450
TomBom_37_0_0_0,"206,plop,196",2,6054591601010180
TomBom_37_0_0_0,"161,plop,191",1,4750552422011970
TomBom_37_0_0_0,"196,plop,181",1,5992899208003660
TomBom_37_0_0_0,"211,plop,206",2,5649249738003710
TomBom_37_0_0_0,"206,plop,176",1,5164280132006390
TomBom_37_0_0_0,"186,plop,196",2,5980976318003380
TomBom_37_0_0_0,"191,plop,206",2,4458957781994830
TomBom_37_0_0_0,"166,plop,186",1,6313361168003760
TomBom_37_0_0_0,"171,plop,196",2,4329382325996990
TomBom_37_0_0_0,"181,plop,191",1,4958179503004070
TomBom_37_0_0_0,"216,plop,196",2,4604180919000650
TomBom_37_0_0_0,"221,plop,186",2,4174697725009170
TomBom_37_0_0_0,"216,plop,161",2,414307228399557
TomBom_37_0_0_0,"201,plop,186",1,5915337086998620
TomBom_37_0_0_0,"196,plop,176",1,542148885501374
TomBom_37_0_0_0,"186,plop,216",2,4321821109007580
TomBom_37_0_0_0,"161,plop,181",1,4.86449852100632E+016
WA_35_0_0_0,"196,plop,176",2,59296480178833
WA_35_0_0_0,"196,plop,221",1,8768186902999880
WA_35_0_0_0,"196,plop,161",2,7830886936187740
WA_35_0_0_0,"211,plop,206",2,678559718132019
WA_35_0_0_0,"171,plop,196",1,1.81231819152832E+016
WA_35_0_0_0,"206,plop,216",1,5483419036865230
WA_35_0_0_0,"176,plop,191",1,4.98206791877747E+016
WA_35_0_0_0,"166,plop,216",1,425074610710144
WA_35_0_0_0,"196,plop,201",1,5633419847488400
WA_35_0_0_0,"176,plop,201",1,5424694156646730
WA_35_0_0_0,"186,plop,216",1,4283043003082280
WA_35_0_0_0,"191,plop,216",1,4477256155014040
WA_35_0_0_0,"166,plop,196",1,4793827152252200
WA_35_0_0_0,"171,plop,176",1,4743493175506590
WA_35_0_0_0,"191,plop,186",1,5305955028533940
WA_35_0_0_0,"206,plop,181",2,493175778388977
WA_35_0_0_0,"201,plop,191",2,5758921957015990
WA_35_0_0_0,"161,plop,181",1,4999763107299800
WA_35_0_0_0,"216,plop,196",2,4714578008651730
WA_35_0_0_0,"186,plop,206",1,4772945976257320
WA_35_0_0_0,"171,plop,166",2,9.03262910842896E+015
WA_35_0_0_0,"181,plop,211",1,4221012926101680
WA_35_0_0_0,"221,plop,206",2,4587109899520870
WA_35_0_0_0,"161,plop,191",1,4990604019165040
WA_35_0_0_0,"161,plop,201",1,3994028186798100
WA_35_0_0_0,"206,plop,196",2,4577365970611570
WA_35_0_0_0,"206,plop,176",2,4203271961212160
WA_35_0_0_0,"221,plop,191",2,1.51662801265717E+016
WA_35_0_0_0,"176,plop,211",1,6839793062210080
WA_35_0_0_0,"211,plop,216",1,7581088876724240
WA_35_0_0_0,"166,plop,206",1,4278482055664060
WA_35_0_0_0,"166,plop,176",1,4268926954269410
WA_35_0_0_0,"171,plop,216",1,3934899187088010
WA_35_0_0_0,"181,plop,221",1,3669854974746700
WA_35_0_0_0,"186,plop,176",1,5.93658504486084E+016
WA_35_0_0_0,"211,plop,171",2,4025163030624390
WA_35_0_0_0,"166,plop,161",2,5356350994110110
WA_35_0_0_0,"201,plop,221",1,4310715055465700
WA_35_0_0_0,"221,plop,166",2,4389412975311280
WA_35_0_0_0,"221,plop,171",2,413372311592102
WA_35_0_0_0,"161,plop,171",1,3680052137374880
WA_35_0_0_0,"181,plop,171",1,5907212114334110
WA_35_0_0_0,"216,plop,221",1,4585936880111690
WA_35_0_0_0,"206,plop,161",2,3.88935408592224E+016
WA_35_0_0_0,"161,plop,211",1,3.77000007629395E+016
WA_35_0_0_0,"161,plop,221",1,3.98671207427979E+016
WA_35_0_0_0,"181,plop,166",1,4646796083450320
WA_35_0_0_0,"166,plop,186",1,4646633958816530
WA_35_0_0_0,"171,plop,186",1,4618062114715580
WA_35_0_0_0,"176,plop,181",1,4.36141095161438E+016
WA_35_0_0_0,"221,plop,186",2,4972507095336910
WA_35_0_0_0,"211,plop,186",2,3.95640692710876E+016
WA_35_0_0_0,"171,plop,206",1,4380127048492430
WA_35_0_0_0,"216,plop,161",2,3.68046221733093E+016
WA_35_0_0_0,"221,plop,211",1,5019739007949830
WA_35_0_0_0,"211,plop,191",2,4.23994383811951E+016
WA_35_0_0_0,"196,plop,211",1,4547790145874020
WA_35_0_0_0,"196,plop,181",2,3935008144378660
WA_35_0_0_0,"201,plop,211",1,4171479082107540
WA_35_0_0_0,"216,plop,181",2,393713698387146
WA_35_0_0_0,"181,plop,201",1,3.98535594940186E+016
WA_35_0_0_0,"191,plop,206",1,4014487838745120
WA_35_0_0_0,"211,plop,166",2,3561430072784420
WA_35_0_0_0,"216,plop,201",2,4024933910369870
WA_35_0_0_0,"186,plop,181",2,4576974010467530
WA_35_0_0_0,"186,plop,196",1,4604431009292600
WA_35_0_0_0,"191,plop,166",2,3727530097961430
WA_35_0_0_0,"206,plop,201",2,4.00550088882446E+016
WA_35_0_0_0,"181,plop,191",1,5107833957672120
WA_35_0_0_0,"201,plop,166",2,3.85770306587219E+016
WA_35_0_0_0,"201,plop,171",2,3.7983859539032E+016
WA_35_0_0_0,"216,plop,176",2,3.52349600791931E+016
WA_35_0_0_0,"176,plop,221",1,3.68002305030823E+016
WA_35_0_0_0,"186,plop,161",2,3.54279289245605E+016
WA_35_0_0_0,"191,plop,196",1,4.81385502815247E+016
WA_35_0_0_0,"191,plop,171",2,3836745834350590
WA_35_0_0_0,"201,plop,186",2,3.76888093948364E+016
WA_35_0_0_0,"176,plop,161",2,4232097959518430
jana_28_1_0_0,"171,plop,196",1,856582009998383
jana_28_1_0_0,"176,plop,191",2,8274202899972440
jana_28_1_0_0,"191,plop,196",1,1.07784589000163E+016
jana_28_1_0_0,"196,plop,176",1,1.56804263000027E+016
jana_28_1_0_0,"166,plop,206",1,5812436200003140
jana_28_1_0_0,"211,plop,191",2,7227855000027920
jana_28_1_0_0,"196,plop,201",1,5383451800001790
jana_28_1_0_0,"186,plop,196",1,5440887299971650
jana_28_1_0_0,"181,plop,201",1,4143256100034340
jana_28_1_0_0,"166,plop,161",1,4765526199969460
jana_28_1_0_0,"216,plop,176",2,3.60633220002055E+016
jana_28_1_0_0,"191,plop,166",1,4839520799950700
jana_28_1_0_0,"196,plop,181",1,4824796999944370
jana_28_1_0_0,"206,plop,196",2,3813020900031550
jana_28_1_0_0,"206,plop,201",2,3999557199969420
jana_28_1_0_0,"161,plop,191",1,1.96686790001113E+016
jana_28_1_0_0,"181,plop,166",1,5567695300001650
jana_28_1_0_0,"211,plop,171",2,4878430200007280
jana_28_1_0_0,"171,plop,206",1,2856252899998800
jana_28_1_0_0,"221,plop,191",1,3.99379379997263E+016
jana_28_1_0_0,"211,plop,186",1,3064018500002570
jana_28_1_0_0,"211,plop,206",1,2.9200076999492E+016
jana_28_1_0_0,"181,plop,191",1,6058523600013000
jana_28_1_0_0,"206,plop,181",1,6817948300007270
jana_28_1_0_0,"171,plop,166",2,4864140899991620
jana_28_1_0_0,"181,plop,171",2,3.02945599998347E+016
jana_28_1_0_0,"161,plop,211",2,852057200006675
jana_28_1_0_0,"191,plop,216",2,2.08376989999088E+016
jana_28_1_0_0,"176,plop,211",1,2865097399998920
jana_28_1_0_0,"186,plop,161",2,5246176200010810
jana_28_1_0_0,"161,plop,221",1,369997859998839
jana_28_1_0_0,"196,plop,161",2,3.32138549998635E+016
jana_28_1_0_0,"166,plop,196",1,2.68027919998858E+016
jana_28_1_0_0,"221,plop,206",2,4627809799998070
jana_28_1_0_0,"161,plop,201",1,2.81811880002497E+016
jana_28_1_0_0,"176,plop,161",1,3.77616740002995E+016
jana_28_1_0_0,"201,plop,191",1,3.20473560000537E+016
jana_28_1_0_0,"171,plop,176",1,141782309996197
jana_28_1_0_0,"201,plop,211",1,4390996299998370
jana_28_1_0_0,"161,plop,171",1,1370701300003570
jana_28_1_0_0,"221,plop,186",1,5999180200009140
jana_28_1_0_0,"216,plop,196",1,4037808600021530
jana_28_1_0_0,"206,plop,216",2,2641342300013640
jana_28_1_0_0,"206,plop,161",1,2022399500035680
jana_28_1_0_0,"216,plop,181",1,2.0357910999679E+016
jana_28_1_0_0,"211,plop,166",1,1.82068239998771E+016
jana_28_1_0_0,"191,plop,206",1,1.75932719997363E+016
jana_28_1_0_0,"171,plop,186",1,1.08515459999908E+016
jana_28_1_0_0,"181,plop,221",1,5310846999869680
jana_28_1_0_0,"206,plop,176",1,4823135999846270
jana_28_1_0_0,"211,plop,216",1,1.45014000241644E+016
jana_28_1_0_0,"196,plop,211",1,5459117700019850
jana_28_1_0_0,"191,plop,171",1,1.88448360000039E+016
jana_28_1_0_0,"201,plop,166",1,2.07515600000042E+016
jana_28_1_0_0,"181,plop,211",1,3602683700004130
jana_28_1_0_0,"201,plop,171",1,3260754399956200
jana_28_1_0_0,"201,plop,186",1,1.28169400002807E+016
jana_28_1_0_0,"161,plop,181",1,2.67219199996907E+016
jana_28_1_0_0,"186,plop,181",1,1.06104599975515E+016
jana_28_1_0_0,"216,plop,161",1,-1373500016052300
jana_28_1_0_0,"186,plop,176",1,-4.80191000155173E+016
jana_28_1_0_0,"216,plop,221",1,-5882859996054320
jana_28_1_0_0,"186,plop,216",1,5571896399976690
jana_28_1_0_0,"191,plop,186",1,3623010600009000
jana_28_1_0_0,"221,plop,211",1,5878575800010000
jana_28_1_0_0,"201,plop,221",1,1.87450719999615E+016
jana_28_1_0_0,"216,plop,201",1,-2.70440999651328E+016
jana_28_1_0_0,"176,plop,201",1,3.69891110000899E+016
jana_28_1_0_0,"171,plop,216",1,385822189997416
jana_28_1_0_0,"166,plop,176",1,3.36330099999905E+016
jana_28_1_0_0,"221,plop,166",1,1.8947554999846E+016
jana_28_1_0_0,"166,plop,216",1,3788266200013460
jana_28_1_0_0,"186,plop,206",1,419502850001445
jana_28_1_0_0,"176,plop,221",1,3.49343599998392E+016
jana_28_1_0_0,"196,plop,221",1,4.84635119998129E+016
jana_28_1_0_0,"221,plop,171",2,82988409999758
jana_28_1_0_0,"166,plop,186",1,4179903400037440
jana_28_1_0_0,"176,plop,181",1,3.78794039997738E+016
pab_30_0_0_0,"186,plop,176",2,8454891099996170
pab_30_0_0_0,"191,plop,216",2,2.41801537000079E+016
pab_30_0_0_0,"191,plop,186",2,528436530001054
pab_30_0_0_0,"166,plop,161",2,5875635500001950
pab_30_0_0_0,"171,plop,186",1,1071883300000050
pab_30_0_0_0,"211,plop,216",2,5312969400003200
pab_30_0_0_0,"216,plop,176",2,9.62089820000401E+015
pab_30_0_0_0,"166,plop,216",1,8534588200005240
pab_30_0_0_0,"176,plop,161",2,5706094099988700
pab_30_0_0_0,"191,plop,196",1,1.14112833999912E+016
pab_30_0_0_0,"196,plop,201",1,4446505000008620
pab_30_0_0_0,"171,plop,206",1,4.83386900000332E+016
pab_30_0_0_0,"166,plop,176",1,512823769999668
pab_30_0_0_0,"161,plop,211",1,5.12659829999902E+016
pab_30_0_0_0,"181,plop,166",2,4409253700004770
pab_30_0_0_0,"176,plop,181",2,4771825899989930
pab_30_0_0_0,"196,plop,181",2,4.4314534999954E+016
pab_30_0_0_0,"161,plop,221",1,4402024599994180
pab_30_0_0_0,"196,plop,176",2,4682260900002440
pab_30_0_0_0,"221,plop,206",2,4772370100000990
pab_30_0_0_0,"201,plop,221",1,427576790000021
pab_30_0_0_0,"161,plop,181",1,4378679199996990
pab_30_0_0_0,"206,plop,161",2,4602371299997320
pab_30_0_0_0,"181,plop,201",1,4734975699998900
pab_30_0_0_0,"181,plop,221",1,4.96470210000698E+016
pab_30_0_0_0,"221,plop,211",2,495553400000208
pab_30_0_0_0,"171,plop,176",1,6359815400000660
pab_30_0_0_0,"176,plop,191",1,4964372199997890
pab_30_0_0_0,"201,plop,191",2,455051070000045
pab_30_0_0_0,"186,plop,181",2,4460436000002660
pab_30_0_0_0,"216,plop,181",2,7497137000007210
pab_30_0_0_0,"211,plop,171",2,48465918000089
pab_30_0_0_0,"176,plop,221",1,4712232700004820
pab_30_0_0_0,"196,plop,161",2,4681175700004680
pab_30_0_0_0,"181,plop,211",1,4459192599993550
pab_30_0_0_0,"211,plop,206",1,4594743599992940
pab_30_0_0_0,"221,plop,171",2,4541865699991470
pab_30_0_0_0,"166,plop,186",1,4408071700012080
pab_30_0_0_0,"201,plop,166",2,4724675400002160
pab_30_0_0_0,"161,plop,171",1,4596948200001500
pab_30_0_0_0,"221,plop,186",2,4332808300002940
pab_30_0_0_0,"171,plop,166",2,5.1693220999965E+016
pab_30_0_0_0,"201,plop,211",1,5265559100001700
pab_30_0_0_0,"216,plop,161",2,4727831500009050
pab_30_0_0_0,"171,plop,216",1,4.67220349999261E+016
pab_30_0_0_0,"171,plop,196",1,4.96868030000187E+016
pab_30_0_0_0,"186,plop,206",1,5048772799994910
pab_30_0_0_0,"211,plop,166",2,4826070200005780
pab_30_0_0_0,"216,plop,221",1,4806130799997480
pab_30_0_0_0,"206,plop,216",1,7498883500005470
pab_30_0_0_0,"221,plop,191",2,487280370000517
pab_30_0_0_0,"206,plop,201",2,4759019699989590
pab_30_0_0_0,"211,plop,186",2,666644999999844
pab_30_0_0_0,"221,plop,166",2,4529864499994440
pab_30_0_0_0,"196,plop,221",1,5905893099997770
pab_30_0_0_0,"181,plop,191",2,4910156899999130
pab_30_0_0_0,"206,plop,181",2,4570158900003300
pab_30_0_0_0,"186,plop,216",1,4290400999999840
pab_30_0_0_0,"176,plop,201",1,4749383700001640
pab_30_0_0_0,"206,plop,176",2,4466877799999200
pab_30_0_0_0,"216,plop,196",2,4479841599991780
pab_30_0_0_0,"211,plop,191",2,4540309199999320
pab_30_0_0_0,"191,plop,166",2,4606784700002750
pab_30_0_0_0,"161,plop,191",1,4746295099999410
pab_30_0_0_0,"166,plop,196",2,5472298000002050
pab_30_0_0_0,"191,plop,171",2,4.7405364000093E+016
pab_30_0_0_0,"206,plop,196",2,4370589100007780
pab_30_0_0_0,"196,plop,211",2,8061540500007690
pab_30_0_0_0,"161,plop,201",1,4.79336259999545E+016
pab_30_0_0_0,"201,plop,186",2,4856693000003000
pab_30_0_0_0,"176,plop,211",1,4393115199994650
pab_30_0_0_0,"191,plop,206",1,4660742999994550
pab_30_0_0_0,"186,plop,196",1,6253153099992780
pab_30_0_0_0,"186,plop,161",2,5386086499996600
pab_30_0_0_0,"181,plop,171",1,6.2755215000012E+016
pab_30_0_0_0,"201,plop,171",2,5159999699995390
pab_30_0_0_0,"216,plop,201",2,5.15455369999981E+016
pab_30_0_0_0,"166,plop,206",1,4918185800002540
